{"cameraMode":{"drawMode":0,"name":"Shaded","section":"Shading Mode"},"sceneLighting":true,"audioPlay":false,"sceneViewState":{"showFog":true,"showMaterialUpdate":false,"showSkybox":false,"showFlares":true,"showImageEffects":true,"showParticleSystems":true},"in2DMode":false,"pivot":{"x":60.01112365722656,"y":14.641433715820313,"z":-33.81930160522461},"rotation":{"x":-0.11676985025405884,"y":-0.06788227707147598,"z":0.007979980669915676,"w":-0.9908213019371033},"size":15.641256332397461,"orthographic":false}