{"cameraMode":{"drawMode":0,"name":"Shaded","section":"Shading Mode"},"sceneLighting":false,"audioPlay":false,"sceneViewState":{"showFog":true,"showMaterialUpdate":false,"showSkybox":false,"showFlares":true,"showImageEffects":true,"showParticleSystems":true},"in2DMode":false,"pivot":{"x":1.8492017984390259,"y":4.495903491973877,"z":2.8558592796325685},"rotation":{"x":-0.11676985025405884,"y":-0.06788227707147598,"z":0.007979980669915676,"w":-0.9908213019371033},"size":4.250001907348633,"orthographic":false}