{"cameraMode":{"drawMode":0,"name":"Shaded","section":"Shading Mode"},"sceneLighting":true,"audioPlay":false,"sceneViewState":{"showFog":true,"showMaterialUpdate":false,"showSkybox":false,"showFlares":true,"showImageEffects":true,"showParticleSystems":true},"in2DMode":false,"pivot":{"x":58.47269058227539,"y":32.38791275024414,"z":-22.253860473632814},"rotation":{"x":-0.0026791230775415899,"y":0.9281759858131409,"z":-0.3721354603767395,"w":-0.00668002525344491},"size":5.804359436035156,"orthographic":false}