{"cameraMode":{"drawMode":0,"name":"Shaded","section":"Shading Mode"},"sceneLighting":true,"audioPlay":false,"sceneViewState":{"showFog":true,"showMaterialUpdate":false,"showSkybox":false,"showFlares":true,"showImageEffects":true,"showParticleSystems":true},"in2DMode":false,"pivot":{"x":3.159998893737793,"y":10.581731796264649,"z":-0.7613668441772461},"rotation":{"x":-0.34966304898262026,"y":0.3574511706829071,"z":-0.1464347392320633,"w":-0.853536069393158},"size":6.407426357269287,"orthographic":false}