{"cameraMode":{"drawMode":0,"name":"Shaded","section":"Shading Mode"},"sceneLighting":true,"audioPlay":false,"sceneViewState":{"showFog":true,"showMaterialUpdate":false,"showSkybox":true,"showFlares":true,"showImageEffects":true,"showParticleSystems":true},"in2DMode":false,"pivot":{"x":-7.366071701049805,"y":7.750584602355957,"z":-6.506509780883789},"rotation":{"x":-0.35989657044410708,"y":0.1575862318277359,"z":-0.06182944029569626,"w":-0.9175211787223816},"size":6.2521162033081059,"orthographic":false}