{"cameraMode":{"drawMode":0,"name":"Shaded","section":"Shading Mode"},"sceneLighting":true,"audioPlay":false,"sceneViewState":{"showFog":true,"showMaterialUpdate":false,"showSkybox":false,"showFlares":true,"showImageEffects":true,"showParticleSystems":true},"in2DMode":false,"pivot":{"x":41.17693328857422,"y":9.534801483154297,"z":-0.1182546615600586},"rotation":{"x":-0.22773031890392304,"y":0.47298985719680788,"z":-0.12801072001457215,"w":-0.8414466977119446},"size":9.65800666809082,"orthographic":false}