{"cameraMode":{"drawMode":0,"name":"Shaded","section":"Shading Mode"},"sceneLighting":true,"audioPlay":false,"sceneViewState":{"showFog":true,"showMaterialUpdate":false,"showSkybox":false,"showFlares":true,"showImageEffects":true,"showParticleSystems":true},"in2DMode":false,"pivot":{"x":42.401947021484378,"y":8.331534385681153,"z":0.5430073738098145},"rotation":{"x":-0.22773031890392304,"y":0.47298985719680788,"z":-0.12801072001457215,"w":-0.8414466977119446},"size":7.3471221923828129,"orthographic":false}