{"cameraMode":{"drawMode":0,"name":"Shaded","section":"Shading Mode"},"sceneLighting":true,"audioPlay":false,"sceneViewState":{"showFog":true,"showMaterialUpdate":false,"showSkybox":false,"showFlares":true,"showImageEffects":true,"showParticleSystems":true},"in2DMode":false,"pivot":{"x":31.37175178527832,"y":8.60941219329834,"z":11.089366912841797},"rotation":{"x":-0.12167907506227493,"y":0.3829142451286316,"z":-0.05098109692335129,"w":-0.9143436551094055},"size":10.509520530700684,"orthographic":false}