{"cameraMode":{"drawMode":0,"name":"Shaded","section":"Shading Mode"},"sceneLighting":true,"audioPlay":false,"sceneViewState":{"showFog":true,"showMaterialUpdate":false,"showSkybox":false,"showFlares":true,"showImageEffects":true,"showParticleSystems":true},"in2DMode":false,"pivot":{"x":49.9581184387207,"y":1.942293405532837,"z":2.2501368522644045},"rotation":{"x":-0.30148836970329287,"y":-0.2825808525085449,"z":0.09405072033405304,"w":-0.9057912826538086},"size":4.833901405334473,"orthographic":false}