{"cameraMode":{"drawMode":0,"name":"Shaded","section":"Shading Mode"},"sceneLighting":true,"audioPlay":false,"sceneViewState":{"showFog":true,"showMaterialUpdate":false,"showSkybox":false,"showFlares":true,"showImageEffects":true,"showParticleSystems":true},"in2DMode":false,"pivot":{"x":51.313880920410159,"y":6.644469261169434,"z":1.2195439338684083},"rotation":{"x":-0.20856939256191255,"y":0.36422258615493777,"z":-0.08405843377113342,"w":-0.9037606716156006},"size":3.099855661392212,"orthographic":false}