{"cameraMode":{"drawMode":0,"name":"Shaded","section":"Shading Mode"},"sceneLighting":true,"audioPlay":false,"sceneViewState":{"showFog":true,"showMaterialUpdate":false,"showSkybox":false,"showFlares":true,"showImageEffects":true,"showParticleSystems":true},"in2DMode":false,"pivot":{"x":41.94875717163086,"y":9.102706909179688,"z":1.5612492561340333},"rotation":{"x":-0.2699105441570282,"y":-0.00809097196906805,"z":0.002268118318170309,"w":-0.9628495573997498},"size":4.21335506439209,"orthographic":false}