{"cameraMode":{"drawMode":0,"name":"Shaded","section":"Shading Mode"},"sceneLighting":true,"audioPlay":false,"sceneViewState":{"showFog":true,"showMaterialUpdate":false,"showSkybox":false,"showFlares":true,"showImageEffects":true,"showParticleSystems":true},"in2DMode":false,"pivot":{"x":44.918575286865237,"y":4.263684272766113,"z":0.1083640307188034},"rotation":{"x":-0.22773031890392304,"y":0.47298985719680788,"z":-0.12801072001457215,"w":-0.8414466977119446},"size":2.5913641452789308,"orthographic":false}