{"cameraMode":{"drawMode":0,"name":"Shaded","section":"Shading Mode"},"sceneLighting":true,"audioPlay":false,"sceneViewState":{"showFog":true,"showMaterialUpdate":false,"showSkybox":true,"showFlares":true,"showImageEffects":true,"showParticleSystems":true},"in2DMode":false,"pivot":{"x":38.719825744628909,"y":12.51127815246582,"z":1.408754825592041},"rotation":{"x":-0.2594844698905945,"y":0.11181390285491944,"z":-0.03026159480214119,"w":-0.9587759971618652},"size":5.362042427062988,"orthographic":false}