{"cameraMode":{"drawMode":0,"name":"Shaded","section":"Shading Mode"},"sceneLighting":true,"audioPlay":false,"sceneViewState":{"showFog":true,"showMaterialUpdate":false,"showSkybox":true,"showFlares":true,"showImageEffects":true,"showParticleSystems":true},"in2DMode":false,"pivot":{"x":46.41234588623047,"y":8.277118682861329,"z":-0.6653884053230286},"rotation":{"x":0.07329952716827393,"y":0.35790759325027468,"z":-0.028178757056593896,"w":0.9304604530334473},"size":2.2066750526428224,"orthographic":false}