{"cameraMode":{"drawMode":0,"name":"Shaded","section":"Shading Mode"},"sceneLighting":true,"audioPlay":false,"sceneViewState":{"showFog":true,"showMaterialUpdate":false,"showSkybox":true,"showFlares":true,"showImageEffects":true,"showParticleSystems":true},"in2DMode":false,"pivot":{"x":-0.13526535034179688,"y":2.543455123901367,"z":3.743567943572998},"rotation":{"x":-0.29373639822006228,"y":0.4434586465358734,"z":-0.15652397274971009,"w":-0.832207202911377},"size":9.653526306152344,"orthographic":false}