{"cameraMode":{"drawMode":0,"name":"Shaded","section":"Shading Mode"},"sceneLighting":true,"audioPlay":false,"sceneViewState":{"showFog":true,"showMaterialUpdate":false,"showSkybox":true,"showFlares":true,"showImageEffects":true,"showParticleSystems":true},"in2DMode":false,"pivot":{"x":-0.0198516845703125,"y":1.7913246154785157,"z":0.8230304718017578},"rotation":{"x":-0.2681312561035156,"y":0.2429211139678955,"z":-0.07006619870662689,"w":-0.9296183586120606},"size":10.611215591430664,"orthographic":false}