{"cameraMode":{"drawMode":0,"name":"Shaded","section":"Shading Mode"},"sceneLighting":true,"audioPlay":false,"sceneViewState":{"showFog":true,"showMaterialUpdate":false,"showSkybox":true,"showFlares":true,"showImageEffects":true,"showParticleSystems":true},"in2DMode":false,"pivot":{"x":46.9129638671875,"y":6.926888942718506,"z":5.811896324157715},"rotation":{"x":-0.22046944499015809,"y":0.010823817923665047,"z":-0.002446774858981371,"w":-0.9753311276435852},"size":8.65135669708252,"orthographic":false}