{"cameraMode":{"drawMode":0,"name":"Shaded","section":"Shading Mode"},"sceneLighting":true,"audioPlay":false,"sceneViewState":{"showFog":true,"showMaterialUpdate":false,"showSkybox":true,"showFlares":true,"showImageEffects":true,"showParticleSystems":true},"in2DMode":false,"pivot":{"x":55.905792236328128,"y":6.563011169433594,"z":0.9819408059120178},"rotation":{"x":-0.1831875741481781,"y":0.5089215040206909,"z":-0.1118343397974968,"w":-0.8336275815963745},"size":2.2437362670898439,"orthographic":false}